sku,name,set,filename,url
ML100001,Wayne Gretzky,amzasset2,ML100001_WAYNE_GRETZKY_amzasset2.png,https://images-production-a1f5.up.railway.app/amz/asset-2/ML100001_WAYNE_GRETZKY_amzasset2.png
ML100004,David Pastrnak,amzasset2,ML100004_DAVID_PASTRNAK_amzasset2.png,https://images-production-a1f5.up.railway.app/amz/asset-2/ML100004_DAVID_PASTRNAK_amzasset2.png
ML100005,Gerry Cheevers,amzasset2,ML100005_GERRY_CHEEVERS_amzasset2.png,https://images-production-a1f5.up.railway.app/amz/asset-2/ML100005_GERRY_CHEEVERS_amzasset2.png
ML100006,Zdeno Chara,amzasset2,ML100006_ZDENO_CHARA_amzasset2.png,https://images-production-a1f5.up.railway.app/amz/asset-2/ML100006_ZDENO_CHARA_amzasset2.png
ML100007,Willie Oree,amzasset2,ML100007_WILLIE_OREE_amzasset2.png,https://images-production-a1f5.up.railway.app/amz/asset-2/ML100007_WILLIE_OREE_amzasset2.png
ML100008,Tage Thompson,amzasset2,ML100008_TAGE_THOMPSON_amzasset2.png,https://images-production-a1f5.up.railway.app/amz/asset-2/ML100008_TAGE_THOMPSON_amzasset2.png
ML100009,Jarome Iginla,amzasset2,ML100009_JAROME_IGINLA_amzasset2.png,https://images-production-a1f5.up.railway.app/amz/asset-2/ML100009_JAROME_IGINLA_amzasset2.png
ML100010,Lanny Mcdonald,amzasset2,ML100010_LANNY_MCDONALD_amzasset2.png,https://images-production-a1f5.up.railway.app/amz/asset-2/ML100010_LANNY_MCDONALD_amzasset2.png
ML100011,Sebastian Aho,amzasset2,ML100011_SEBASTIAN_AHO_amzasset2.png,https://images-production-a1f5.up.railway.app/amz/asset-2/ML100011_SEBASTIAN_AHO_amzasset2.png
ML100012,Connor Bedard,amzasset2,ML100012_CONNOR_BEDARD_amzasset2.png,https://images-production-a1f5.up.railway.app/amz/asset-2/ML100012_CONNOR_BEDARD_amzasset2.png
ML100013,Connor Bedard,amzasset2,ML100013_CONNOR_BEDARD_amzasset2.png,https://images-production-a1f5.up.railway.app/amz/asset-2/ML100013_CONNOR_BEDARD_amzasset2.png
ML100014,Connor Bedard,amzasset2,ML100014_CONNOR_BEDARD_amzasset2.png,https://images-production-a1f5.up.railway.app/amz/asset-2/ML100014_CONNOR_BEDARD_amzasset2.png
ML100015,Cale Makar,amzasset2,ML100015_CALE_MAKAR_amzasset2.png,https://images-production-a1f5.up.railway.app/amz/asset-2/ML100015_CALE_MAKAR_amzasset2.png
ML100016,Nathan Mackinnon,amzasset2,ML100016_NATHAN_MACKINNON_amzasset2.png,https://images-production-a1f5.up.railway.app/amz/asset-2/ML100016_NATHAN_MACKINNON_amzasset2.png
ML100017,Peter Forsberg,amzasset2,ML100017_PETER_FORSBERG_amzasset2.png,https://images-production-a1f5.up.railway.app/amz/asset-2/ML100017_PETER_FORSBERG_amzasset2.png
ML100018,Jake Oettinger,amzasset2,ML100018_JAKE_OETTINGER_amzasset2.png,https://images-production-a1f5.up.railway.app/amz/asset-2/ML100018_JAKE_OETTINGER_amzasset2.png
ML100019,Jason Robertson,amzasset2,ML100019_JASON_ROBERTSON_amzasset2.png,https://images-production-a1f5.up.railway.app/amz/asset-2/ML100019_JASON_ROBERTSON_amzasset2.png
ML100020,Bob Probert,amzasset2,ML100020_BOB_PROBERT_amzasset2.png,https://images-production-a1f5.up.railway.app/amz/asset-2/ML100020_BOB_PROBERT_amzasset2.png
ML100021,Dylan Larkin,amzasset2,ML100021_DYLAN_LARKIN_amzasset2.png,https://images-production-a1f5.up.railway.app/amz/asset-2/ML100021_DYLAN_LARKIN_amzasset2.png
ML100022,Gordie Howe,amzasset2,ML100022_GORDIE_HOWE_amzasset2.png,https://images-production-a1f5.up.railway.app/amz/asset-2/ML100022_GORDIE_HOWE_amzasset2.png
ML100023,Steve Yzerman,amzasset2,ML100023_STEVE_YZERMAN_amzasset2.png,https://images-production-a1f5.up.railway.app/amz/asset-2/ML100023_STEVE_YZERMAN_amzasset2.png
ML100024,Connor Mcdavid,amzasset2,ML100024_CONNOR_MCDAVID_amzasset2.png,https://images-production-a1f5.up.railway.app/amz/asset-2/ML100024_CONNOR_MCDAVID_amzasset2.png
ML100025,Connor Mcdavid,amzasset2,ML100025_CONNOR_MCDAVID_amzasset2.png,https://images-production-a1f5.up.railway.app/amz/asset-2/ML100025_CONNOR_MCDAVID_amzasset2.png
ML100026,Leon Draisaitl,amzasset2,ML100026_LEON_DRAISAITL_amzasset2.png,https://images-production-a1f5.up.railway.app/amz/asset-2/ML100026_LEON_DRAISAITL_amzasset2.png
ML100027,Wayne Gretzky,amzasset2,ML100027_WAYNE_GRETZKY_amzasset2.png,https://images-production-a1f5.up.railway.app/amz/asset-2/ML100027_WAYNE_GRETZKY_amzasset2.png
ML100028,Matthew Tkachuk,amzasset2,ML100028_MATTHEW_TKACHUK_amzasset2.png,https://images-production-a1f5.up.railway.app/amz/asset-2/ML100028_MATTHEW_TKACHUK_amzasset2.png
ML100029,Gordie Howe,amzasset2,ML100029_GORDIE_HOWE_amzasset2.png,https://images-production-a1f5.up.railway.app/amz/asset-2/ML100029_GORDIE_HOWE_amzasset2.png
ML100030,Drew Doughty,amzasset2,ML100030_DREW_DOUGHTY_amzasset2.png,https://images-production-a1f5.up.railway.app/amz/asset-2/ML100030_DREW_DOUGHTY_amzasset2.png
ML100031,Quinton Byfield,amzasset2,ML100031_QUINTON_BYFIELD_amzasset2.png,https://images-production-a1f5.up.railway.app/amz/asset-2/ML100031_QUINTON_BYFIELD_amzasset2.png
ML100032,Wayne Gretzky,amzasset2,ML100032_WAYNE_GRETZKY_amzasset2.png,https://images-production-a1f5.up.railway.app/amz/asset-2/ML100032_WAYNE_GRETZKY_amzasset2.png
ML100033,Kirill Kaprizov,amzasset2,ML100033_KIRILL_KAPRIZOV_amzasset2.png,https://images-production-a1f5.up.railway.app/amz/asset-2/ML100033_KIRILL_KAPRIZOV_amzasset2.png
ML100034,Cole Caufield,amzasset2,ML100034_COLE_CAUFIELD_amzasset2.png,https://images-production-a1f5.up.railway.app/amz/asset-2/ML100034_COLE_CAUFIELD_amzasset2.png
ML100035,Guy Lafleur,amzasset2,ML100035_GUY_LAFLEUR_amzasset2.png,https://images-production-a1f5.up.railway.app/amz/asset-2/ML100035_GUY_LAFLEUR_amzasset2.png
ML100036,Juraj Slafkovsky,amzasset2,ML100036_JURAJ_SLAFKOVSKY_amzasset2.png,https://images-production-a1f5.up.railway.app/amz/asset-2/ML100036_JURAJ_SLAFKOVSKY_amzasset2.png
ML100037,Marty St Louis,amzasset2,ML100037_MARTY_ST_LOUIS_amzasset2.png,https://images-production-a1f5.up.railway.app/amz/asset-2/ML100037_MARTY_ST_LOUIS_amzasset2.png
ML100038,Nick Suzuki,amzasset2,ML100038_NICK_SUZUKI_amzasset2.png,https://images-production-a1f5.up.railway.app/amz/asset-2/ML100038_NICK_SUZUKI_amzasset2.png
ML100039,Patrick Roy,amzasset2,ML100039_PATRICK_ROY_amzasset2.png,https://images-production-a1f5.up.railway.app/amz/asset-2/ML100039_PATRICK_ROY_amzasset2.png
ML100040,Roman Josi,amzasset2,ML100040_ROMAN_JOSI_amzasset2.png,https://images-production-a1f5.up.railway.app/amz/asset-2/ML100040_ROMAN_JOSI_amzasset2.png
ML100041,Jack Hughes,amzasset2,ML100041_JACK_HUGHES_amzasset2.png,https://images-production-a1f5.up.railway.app/amz/asset-2/ML100041_JACK_HUGHES_amzasset2.png
ML100042,Jack Hughes,amzasset2,ML100042_JACK_HUGHES_amzasset2.png,https://images-production-a1f5.up.railway.app/amz/asset-2/ML100042_JACK_HUGHES_amzasset2.png
ML100043,Mat Barzal,amzasset2,ML100043_MAT_BARZAL_amzasset2.png,https://images-production-a1f5.up.railway.app/amz/asset-2/ML100043_MAT_BARZAL_amzasset2.png
ML100044,Adam Fox,amzasset2,ML100044_ADAM_FOX_amzasset2.png,https://images-production-a1f5.up.railway.app/amz/asset-2/ML100044_ADAM_FOX_amzasset2.png
ML100046,Mark Messier,amzasset2,ML100046_MARK_MESSIER_amzasset2.png,https://images-production-a1f5.up.railway.app/amz/asset-2/ML100046_MARK_MESSIER_amzasset2.png
ML100047,Matt Rempe,amzasset2,ML100047_MATT_REMPE_amzasset2.png,https://images-production-a1f5.up.railway.app/amz/asset-2/ML100047_MATT_REMPE_amzasset2.png
ML100048,Mika Zibanejad,amzasset2,ML100048_MIKA_ZIBANEJAD_amzasset2.png,https://images-production-a1f5.up.railway.app/amz/asset-2/ML100048_MIKA_ZIBANEJAD_amzasset2.png
ML100050,Tim Stutzle,amzasset2,ML100050_TIM_STUTZLE_amzasset2.png,https://images-production-a1f5.up.railway.app/amz/asset-2/ML100050_TIM_STUTZLE_amzasset2.png
ML100051,Bobby Clarke,amzasset2,ML100051_BOBBY_CLARKE_amzasset2.png,https://images-production-a1f5.up.railway.app/amz/asset-2/ML100051_BOBBY_CLARKE_amzasset2.png
ML100052,Mario Lemieux,amzasset2,ML100052_MARIO_LEMIEUX_amzasset2.png,https://images-production-a1f5.up.railway.app/amz/asset-2/ML100052_MARIO_LEMIEUX_amzasset2.png
ML100053,Sidney Crosby,amzasset2,ML100053_SIDNEY_CROSBY_amzasset2.png,https://images-production-a1f5.up.railway.app/amz/asset-2/ML100053_SIDNEY_CROSBY_amzasset2.png
ML100054,Joe Sakic,amzasset2,ML100054_JOE_SAKIC_amzasset2.png,https://images-production-a1f5.up.railway.app/amz/asset-2/ML100054_JOE_SAKIC_amzasset2.png
ML100055,Biz Nasty,amzasset2,ML100055_BIZ_NASTY_amzasset2.png,https://images-production-a1f5.up.railway.app/amz/asset-2/ML100055_BIZ_NASTY_amzasset2.png
ML100056,Nikita Kucherov,amzasset2,ML100056_NIKITA_KUCHEROV_amzasset2.png,https://images-production-a1f5.up.railway.app/amz/asset-2/ML100056_NIKITA_KUCHEROV_amzasset2.png
ML100057,Auston Matthews,amzasset2,ML100057_AUSTON_MATTHEWS_amzasset2.png,https://images-production-a1f5.up.railway.app/amz/asset-2/ML100057_AUSTON_MATTHEWS_amzasset2.png
ML100058,Auston Matthews,amzasset2,ML100058_AUSTON_MATTHEWS_amzasset2.png,https://images-production-a1f5.up.railway.app/amz/asset-2/ML100058_AUSTON_MATTHEWS_amzasset2.png
ML100059,Mats Sundin,amzasset2,ML100059_MATS_SUNDIN_amzasset2.png,https://images-production-a1f5.up.railway.app/amz/asset-2/ML100059_MATS_SUNDIN_amzasset2.png
ML100061,Tie Domi,amzasset2,ML100061_TIE_DOMI_amzasset2.png,https://images-production-a1f5.up.railway.app/amz/asset-2/ML100061_TIE_DOMI_amzasset2.png
ML100062,Wendel Clark,amzasset2,ML100062_WENDEL_CLARK_amzasset2.png,https://images-production-a1f5.up.railway.app/amz/asset-2/ML100062_WENDEL_CLARK_amzasset2.png
ML100063,William Nylander,amzasset2,ML100063_WILLIAM_NYLANDER_amzasset2.png,https://images-production-a1f5.up.railway.app/amz/asset-2/ML100063_WILLIAM_NYLANDER_amzasset2.png
ML100064,Daniel Sedin,amzasset2,ML100064_DANIEL_SEDIN_amzasset2.png,https://images-production-a1f5.up.railway.app/amz/asset-2/ML100064_DANIEL_SEDIN_amzasset2.png
ML100065,Elias Pettersson,amzasset2,ML100065_ELIAS_PETTERSSON_amzasset2.png,https://images-production-a1f5.up.railway.app/amz/asset-2/ML100065_ELIAS_PETTERSSON_amzasset2.png
ML100066,Henrik Sedin,amzasset2,ML100066_HENRIK_SEDIN_amzasset2.png,https://images-production-a1f5.up.railway.app/amz/asset-2/ML100066_HENRIK_SEDIN_amzasset2.png
ML100068,Rick Tocchet,amzasset2,ML100068_RICK_TOCCHET_amzasset2.png,https://images-production-a1f5.up.railway.app/amz/asset-2/ML100068_RICK_TOCCHET_amzasset2.png
ML100069,Jack Eichel,amzasset2,ML100069_JACK_EICHEL_amzasset2.png,https://images-production-a1f5.up.railway.app/amz/asset-2/ML100069_JACK_EICHEL_amzasset2.png
ML100070,Alex Ovechkin,amzasset2,ML100070_ALEX_OVECHKIN_amzasset2.png,https://images-production-a1f5.up.railway.app/amz/asset-2/ML100070_ALEX_OVECHKIN_amzasset2.png
ML100071,Alex Ovechkin,amzasset2,ML100071_ALEX_OVECHKIN_amzasset2.png,https://images-production-a1f5.up.railway.app/amz/asset-2/ML100071_ALEX_OVECHKIN_amzasset2.png
ML100072,Connor Hellebuyck,amzasset2,ML100072_CONNOR_HELLEBUYCK_amzasset2.png,https://images-production-a1f5.up.railway.app/amz/asset-2/ML100072_CONNOR_HELLEBUYCK_amzasset2.png
ML100073,Kyle Connor,amzasset2,ML100073_KYLE_CONNOR_amzasset2.png,https://images-production-a1f5.up.railway.app/amz/asset-2/ML100073_KYLE_CONNOR_amzasset2.png
ML100074,Teemu Selanne,amzasset2,ML100074_TEEMU_SELANNE_amzasset2.png,https://images-production-a1f5.up.railway.app/amz/asset-2/ML100074_TEEMU_SELANNE_amzasset2.png
ML100075,Connor Mcdavid,amzasset2,ML100075_CONNOR_MCDAVID_amzasset2.png,https://images-production-a1f5.up.railway.app/amz/asset-2/ML100075_CONNOR_MCDAVID_amzasset2.png
ML100076,Wayne Gretzky,amzasset2,ML100076_WAYNE_GRETZKY_amzasset2.png,https://images-production-a1f5.up.railway.app/amz/asset-2/ML100076_WAYNE_GRETZKY_amzasset2.png
ML100077,Igor Shesterkin,amzasset2,ML100077_IGOR_SHESTERKIN_amzasset2.png,https://images-production-a1f5.up.railway.app/amz/asset-2/ML100077_IGOR_SHESTERKIN_amzasset2.png
ML100078,Arber Xhekaj,amzasset2,ML100078_ARBER_XHEKAJ_amzasset2.png,https://images-production-a1f5.up.railway.app/amz/asset-2/ML100078_ARBER_XHEKAJ_amzasset2.png
ML100079,Macklin Celebrini,amzasset2,ML100079_MACKLIN_CELEBRINI_amzasset2.png,https://images-production-a1f5.up.railway.app/amz/asset-2/ML100079_MACKLIN_CELEBRINI_amzasset2.png
ML100090,Kevin Bieksa,amzasset2,ML100090_KEVIN_BIEKSA_amzasset2.png,https://images-production-a1f5.up.railway.app/amz/asset-2/ML100090_KEVIN_BIEKSA_amzasset2.png
ML100091,Lane Hutson,amzasset2,ML100091_LANE_HUTSON_amzasset2.png,https://images-production-a1f5.up.railway.app/amz/asset-2/ML100091_LANE_HUTSON_amzasset2.png
ML100094,Clayton Keller,amzasset2,ML100094_CLAYTON_KELLER_amzasset2.png,https://images-production-a1f5.up.railway.app/amz/asset-2/ML100094_CLAYTON_KELLER_amzasset2.png
ML100096,Mark Scheifele,amzasset2,ML100096_MARK_SCHEIFELE_amzasset2.png,https://images-production-a1f5.up.railway.app/amz/asset-2/ML100096_MARK_SCHEIFELE_amzasset2.png
ML100097,Matty Beniers,amzasset2,ML100097_MATTY_BENIERS_amzasset2.png,https://images-production-a1f5.up.railway.app/amz/asset-2/ML100097_MATTY_BENIERS_amzasset2.png
ML100098,Matvei Michkov,amzasset2,ML100098_MATVEI_MICHKOV_amzasset2.png,https://images-production-a1f5.up.railway.app/amz/asset-2/ML100098_MATVEI_MICHKOV_amzasset2.png
ML100099,Steven Stamkos,amzasset2,ML100099_STEVEN_STAMKOS_amzasset2.png,https://images-production-a1f5.up.railway.app/amz/asset-2/ML100099_STEVEN_STAMKOS_amzasset2.png
ML100100,Travis Konecny,amzasset2,ML100100_TRAVIS_KONECNY_amzasset2.png,https://images-production-a1f5.up.railway.app/amz/asset-2/ML100100_TRAVIS_KONECNY_amzasset2.png
ML100101,Robert Thomas,amzasset2,ML100101_ROBERT_THOMAS_amzasset2.png,https://images-production-a1f5.up.railway.app/amz/asset-2/ML100101_ROBERT_THOMAS_amzasset2.png
ML100102,Filip Forsberg,amzasset2,ML100102_FILIP_FORSBERG_amzasset2.png,https://images-production-a1f5.up.railway.app/amz/asset-2/ML100102_FILIP_FORSBERG_amzasset2.png
ML100103,Leo Carlsson,amzasset2,ML100103_LEO_CARLSSON_amzasset2.png,https://images-production-a1f5.up.railway.app/amz/asset-2/ML100103_LEO_CARLSSON_amzasset2.png
ML100104,Joe Sakic,amzasset2,ML100104_JOE_SAKIC_amzasset2.png,https://images-production-a1f5.up.railway.app/amz/asset-2/ML100104_JOE_SAKIC_amzasset2.png
ML100106,Wyatt Johnston,amzasset2,ML100106_WYATT_JOHNSTON_amzasset2.png,https://images-production-a1f5.up.railway.app/amz/asset-2/ML100106_WYATT_JOHNSTON_amzasset2.png
ML100108,Brett Hull,amzasset2,ML100108_BRETT_HULL_amzasset2.png,https://images-production-a1f5.up.railway.app/amz/asset-2/ML100108_BRETT_HULL_amzasset2.png
ML100109,Juraj Slafkovsky,amzasset2,ML100109_JURAJ_SLAFKOVSKY_amzasset2.png,https://images-production-a1f5.up.railway.app/amz/asset-2/ML100109_JURAJ_SLAFKOVSKY_amzasset2.png
ML100110,Luke Gazdic,amzasset2,ML100110_LUKE_GAZDIC_amzasset2.png,https://images-production-a1f5.up.railway.app/amz/asset-2/ML100110_LUKE_GAZDIC_amzasset2.png
ML100111,Aleksander Barkov,amzasset2,ML100111_ALEKSANDER_BARKOV_amzasset2.png,https://images-production-a1f5.up.railway.app/amz/asset-2/ML100111_ALEKSANDER_BARKOV_amzasset2.png
ML100112,Rocket Richard,amzasset2,ML100112_ROCKET_RICHARD_amzasset2.png,https://images-production-a1f5.up.railway.app/amz/asset-2/ML100112_ROCKET_RICHARD_amzasset2.png
ML100113,Doug Gilmour,amzasset2,ML100113_DOUG_GILMOUR_amzasset2.png,https://images-production-a1f5.up.railway.app/amz/asset-2/ML100113_DOUG_GILMOUR_amzasset2.png
ML100114,Jonathan Huberdeau,amzasset2,ML100114_JONATHAN_HUBERDEAU_amzasset2.png,https://images-production-a1f5.up.railway.app/amz/asset-2/ML100114_JONATHAN_HUBERDEAU_amzasset2.png
ML100115,Zach Hyman,amzasset2,ML100115_ZACH_HYMAN_amzasset2.png,https://images-production-a1f5.up.railway.app/amz/asset-2/ML100115_ZACH_HYMAN_amzasset2.png
ML100116,Hughes Brothers,amzasset2,ML100116_HUGHES_BROTHERS_amzasset2.png,https://images-production-a1f5.up.railway.app/amz/asset-2/ML100116_HUGHES_BROTHERS_amzasset2.png
ML100117,Matt Boldy,amzasset2,ML100117_MATT_BOLDY_amzasset2.png,https://images-production-a1f5.up.railway.app/amz/asset-2/ML100117_MATT_BOLDY_amzasset2.png
ML100118,Lucas Raymond,amzasset2,ML100118_LUCAS_RAYMOND_amzasset2.png,https://images-production-a1f5.up.railway.app/amz/asset-2/ML100118_LUCAS_RAYMOND_amzasset2.png
ML100119,Victor Hedman,amzasset2,ML100119_VICTOR_HEDMAN_amzasset2.png,https://images-production-a1f5.up.railway.app/amz/asset-2/ML100119_VICTOR_HEDMAN_amzasset2.png
ML100120,Auston Matthews,amzasset2,ML100120_AUSTON_MATTHEWS_amzasset2.png,https://images-production-a1f5.up.railway.app/amz/asset-2/ML100120_AUSTON_MATTHEWS_amzasset2.png
ML100121,Sidney Crosby,amzasset2,ML100121_SIDNEY_CROSBY_amzasset2.png,https://images-production-a1f5.up.railway.app/amz/asset-2/ML100121_SIDNEY_CROSBY_amzasset2.png
ML100125,Carey Price,amzasset2,ML100125_CAREY_PRICE_amzasset2.png,https://images-production-a1f5.up.railway.app/amz/asset-2/ML100125_CAREY_PRICE_amzasset2.png
ML100128,Matthew Knies,amzasset2,ML100128_MATTHEW_KNIES_amzasset2.png,https://images-production-a1f5.up.railway.app/amz/asset-2/ML100128_MATTHEW_KNIES_amzasset2.png
ML100132,Dustin Wolf,amzasset2,ML100132_DUSTIN_WOLF_amzasset2.png,https://images-production-a1f5.up.railway.app/amz/asset-2/ML100132_DUSTIN_WOLF_amzasset2.png
ML100133,Mikko Rantanen,amzasset2,ML100133_MIKKO_RANTANEN_amzasset2.png,https://images-production-a1f5.up.railway.app/amz/asset-2/ML100133_MIKKO_RANTANEN_amzasset2.png
ML100136,Auston Matthews,amzasset2,ML100136_AUSTON_MATTHEWS_amzasset2.png,https://images-production-a1f5.up.railway.app/amz/asset-2/ML100136_AUSTON_MATTHEWS_amzasset2.png
ML100138,Darcy Tucker,amzasset2,ML100138_DARCY_TUCKER_amzasset2.png,https://images-production-a1f5.up.railway.app/amz/asset-2/ML100138_DARCY_TUCKER_amzasset2.png
ML100143,Cole Caufield,amzasset2,ML100143_COLE_CAUFIELD_amzasset2.png,https://images-production-a1f5.up.railway.app/amz/asset-2/ML100143_COLE_CAUFIELD_amzasset2.png
ML100144,Nick Suzuki,amzasset2,ML100144_NICK_SUZUKI_amzasset2.png,https://images-production-a1f5.up.railway.app/amz/asset-2/ML100144_NICK_SUZUKI_amzasset2.png
ML100146,William Nylander,amzasset2,ML100146_WILLIAM_NYLANDER_amzasset2.png,https://images-production-a1f5.up.railway.app/amz/asset-2/ML100146_WILLIAM_NYLANDER_amzasset2.png
ML100147,Ivan Demidov,amzasset2,ML100147_IVAN_DEMIDOV_amzasset2.png,https://images-production-a1f5.up.railway.app/amz/asset-2/ML100147_IVAN_DEMIDOV_amzasset2.png
ML100149,Lane Hutson,amzasset2,ML100149_LANE_HUTSON_amzasset2.png,https://images-production-a1f5.up.railway.app/amz/asset-2/ML100149_LANE_HUTSON_amzasset2.png
ML100150,Ivan Demidov,amzasset2,ML100150_IVAN_DEMIDOV_amzasset2.png,https://images-production-a1f5.up.railway.app/amz/asset-2/ML100150_IVAN_DEMIDOV_amzasset2.png
ML100001,Wayne Gretzky,amzasset3,ML100001_WAYNE_GRETZKY_amzasset3.jpg,https://images-production-a1f5.up.railway.app/amz/asset-3/ML100001_WAYNE_GRETZKY_amzasset3.jpg
ML100002,Brad Marchand,amzasset3,ML100002_BRAD_MARCHAND_amzasset3.jpg,https://images-production-a1f5.up.railway.app/amz/asset-3/ML100002_BRAD_MARCHAND_amzasset3.jpg
ML100003,Brad Marchand,amzasset3,ML100003_BRAD_MARCHAND_amzasset3.jpg,https://images-production-a1f5.up.railway.app/amz/asset-3/ML100003_BRAD_MARCHAND_amzasset3.jpg
ML100004,David Pastrnak,amzasset3,ML100004_DAVID_PASTRNAK_amzasset3.jpg,https://images-production-a1f5.up.railway.app/amz/asset-3/ML100004_DAVID_PASTRNAK_amzasset3.jpg
ML100005,Gerry Cheevers,amzasset3,ML100005_GERRY_CHEEVERS_amzasset3.jpg,https://images-production-a1f5.up.railway.app/amz/asset-3/ML100005_GERRY_CHEEVERS_amzasset3.jpg
ML100006,Zdeno Chara,amzasset3,ML100006_ZDENO_CHARA_amzasset3.jpg,https://images-production-a1f5.up.railway.app/amz/asset-3/ML100006_ZDENO_CHARA_amzasset3.jpg
ML100007,Willie Oree,amzasset3,ML100007_WILLIE_OREE_amzasset3.jpg,https://images-production-a1f5.up.railway.app/amz/asset-3/ML100007_WILLIE_OREE_amzasset3.jpg
ML100008,Tage Thompson,amzasset3,ML100008_TAGE_THOMPSON_amzasset3.jpg,https://images-production-a1f5.up.railway.app/amz/asset-3/ML100008_TAGE_THOMPSON_amzasset3.jpg
ML100009,Jarome Iginla,amzasset3,ML100009_JAROME_IGINLA_amzasset3.jpg,https://images-production-a1f5.up.railway.app/amz/asset-3/ML100009_JAROME_IGINLA_amzasset3.jpg
ML100010,Lanny Mcdonald,amzasset3,ML100010_LANNY_MCDONALD_amzasset3.jpg,https://images-production-a1f5.up.railway.app/amz/asset-3/ML100010_LANNY_MCDONALD_amzasset3.jpg
ML100011,Sebastian Aho,amzasset3,ML100011_SEBASTIAN_AHO_amzasset3.jpg,https://images-production-a1f5.up.railway.app/amz/asset-3/ML100011_SEBASTIAN_AHO_amzasset3.jpg
ML100012,Connor Bedard,amzasset3,ML100012_CONNOR_BEDARD_amzasset3.jpg,https://images-production-a1f5.up.railway.app/amz/asset-3/ML100012_CONNOR_BEDARD_amzasset3.jpg
ML100013,Connor Bedard,amzasset3,ML100013_CONNOR_BEDARD_amzasset3.jpg,https://images-production-a1f5.up.railway.app/amz/asset-3/ML100013_CONNOR_BEDARD_amzasset3.jpg
ML100014,Connor Bedard,amzasset3,ML100014_CONNOR_BEDARD_amzasset3.jpg,https://images-production-a1f5.up.railway.app/amz/asset-3/ML100014_CONNOR_BEDARD_amzasset3.jpg
ML100015,Cale Makar,amzasset3,ML100015_CALE_MAKAR_amzasset3.jpg,https://images-production-a1f5.up.railway.app/amz/asset-3/ML100015_CALE_MAKAR_amzasset3.jpg
ML100016,Nathan Mackinnon,amzasset3,ML100016_NATHAN_MACKINNON_amzasset3.jpg,https://images-production-a1f5.up.railway.app/amz/asset-3/ML100016_NATHAN_MACKINNON_amzasset3.jpg
ML100017,Peter Forsberg,amzasset3,ML100017_PETER_FORSBERG_amzasset3.jpg,https://images-production-a1f5.up.railway.app/amz/asset-3/ML100017_PETER_FORSBERG_amzasset3.jpg
ML100018,Jake Oettinger,amzasset3,ML100018_JAKE_OETTINGER_amzasset3.jpg,https://images-production-a1f5.up.railway.app/amz/asset-3/ML100018_JAKE_OETTINGER_amzasset3.jpg
ML100019,Jason Robertson,amzasset3,ML100019_JASON_ROBERTSON_amzasset3.jpg,https://images-production-a1f5.up.railway.app/amz/asset-3/ML100019_JASON_ROBERTSON_amzasset3.jpg
ML100020,Bob Probert,amzasset3,ML100020_BOB_PROBERT_amzasset3.jpg,https://images-production-a1f5.up.railway.app/amz/asset-3/ML100020_BOB_PROBERT_amzasset3.jpg
ML100021,Dylan Larkin,amzasset3,ML100021_DYLAN_LARKIN_amzasset3.jpg,https://images-production-a1f5.up.railway.app/amz/asset-3/ML100021_DYLAN_LARKIN_amzasset3.jpg
ML100022,Gordie Howe,amzasset3,ML100022_GORDIE_HOWE_amzasset3.jpg,https://images-production-a1f5.up.railway.app/amz/asset-3/ML100022_GORDIE_HOWE_amzasset3.jpg
ML100023,Steve Yzerman,amzasset3,ML100023_STEVE_YZERMAN_amzasset3.jpg,https://images-production-a1f5.up.railway.app/amz/asset-3/ML100023_STEVE_YZERMAN_amzasset3.jpg
ML100024,Connor Mcdavid,amzasset3,ML100024_CONNOR_MCDAVID_amzasset3.jpg,https://images-production-a1f5.up.railway.app/amz/asset-3/ML100024_CONNOR_MCDAVID_amzasset3.jpg
ML100025,Connor Mcdavid,amzasset3,ML100025_CONNOR_MCDAVID_amzasset3.jpg,https://images-production-a1f5.up.railway.app/amz/asset-3/ML100025_CONNOR_MCDAVID_amzasset3.jpg
ML100026,Leon Draisaitl,amzasset3,ML100026_LEON_DRAISAITL_amzasset3.jpg,https://images-production-a1f5.up.railway.app/amz/asset-3/ML100026_LEON_DRAISAITL_amzasset3.jpg
ML100027,Wayne Gretzky,amzasset3,ML100027_WAYNE_GRETZKY_amzasset3.jpg,https://images-production-a1f5.up.railway.app/amz/asset-3/ML100027_WAYNE_GRETZKY_amzasset3.jpg
ML100028,Matthew Tkachuk,amzasset3,ML100028_MATTHEW_TKACHUK_amzasset3.jpg,https://images-production-a1f5.up.railway.app/amz/asset-3/ML100028_MATTHEW_TKACHUK_amzasset3.jpg
ML100029,Gordie Howe,amzasset3,ML100029_GORDIE_HOWE_amzasset3.jpg,https://images-production-a1f5.up.railway.app/amz/asset-3/ML100029_GORDIE_HOWE_amzasset3.jpg
ML100030,Drew Doughty,amzasset3,ML100030_DREW_DOUGHTY_amzasset3.jpg,https://images-production-a1f5.up.railway.app/amz/asset-3/ML100030_DREW_DOUGHTY_amzasset3.jpg
ML100031,Quinton Byfield,amzasset3,ML100031_QUINTON_BYFIELD_amzasset3.jpg,https://images-production-a1f5.up.railway.app/amz/asset-3/ML100031_QUINTON_BYFIELD_amzasset3.jpg
ML100032,Wayne Gretzky,amzasset3,ML100032_WAYNE_GRETZKY_amzasset3.jpg,https://images-production-a1f5.up.railway.app/amz/asset-3/ML100032_WAYNE_GRETZKY_amzasset3.jpg
ML100033,Kirill Kaprizov,amzasset3,ML100033_KIRILL_KAPRIZOV_amzasset3.jpg,https://images-production-a1f5.up.railway.app/amz/asset-3/ML100033_KIRILL_KAPRIZOV_amzasset3.jpg
ML100034,Cole Caufield,amzasset3,ML100034_COLE_CAUFIELD_amzasset3.jpg,https://images-production-a1f5.up.railway.app/amz/asset-3/ML100034_COLE_CAUFIELD_amzasset3.jpg
ML100035,Guy Lafleur,amzasset3,ML100035_GUY_LAFLEUR_amzasset3.jpg,https://images-production-a1f5.up.railway.app/amz/asset-3/ML100035_GUY_LAFLEUR_amzasset3.jpg
ML100036,Juraj Slafkovsky,amzasset3,ML100036_JURAJ_SLAFKOVSKY_amzasset3.jpg,https://images-production-a1f5.up.railway.app/amz/asset-3/ML100036_JURAJ_SLAFKOVSKY_amzasset3.jpg
ML100037,Marty St Louis,amzasset3,ML100037_MARTY_ST_LOUIS_amzasset3.jpg,https://images-production-a1f5.up.railway.app/amz/asset-3/ML100037_MARTY_ST_LOUIS_amzasset3.jpg
ML100038,Nick Suzuki,amzasset3,ML100038_NICK_SUZUKI_amzasset3.jpg,https://images-production-a1f5.up.railway.app/amz/asset-3/ML100038_NICK_SUZUKI_amzasset3.jpg
ML100039,Patrick Roy,amzasset3,ML100039_PATRICK_ROY_amzasset3.jpg,https://images-production-a1f5.up.railway.app/amz/asset-3/ML100039_PATRICK_ROY_amzasset3.jpg
ML100040,Roman Josi,amzasset3,ML100040_ROMAN_JOSI_amzasset3.jpg,https://images-production-a1f5.up.railway.app/amz/asset-3/ML100040_ROMAN_JOSI_amzasset3.jpg
ML100041,Jack Hughes,amzasset3,ML100041_JACK_HUGHES_amzasset3.jpg,https://images-production-a1f5.up.railway.app/amz/asset-3/ML100041_JACK_HUGHES_amzasset3.jpg
ML100042,Jack Hughes,amzasset3,ML100042_JACK_HUGHES_amzasset3.jpg,https://images-production-a1f5.up.railway.app/amz/asset-3/ML100042_JACK_HUGHES_amzasset3.jpg
ML100043,Mat Barzal,amzasset3,ML100043_MAT_BARZAL_amzasset3.jpg,https://images-production-a1f5.up.railway.app/amz/asset-3/ML100043_MAT_BARZAL_amzasset3.jpg
ML100044,Adam Fox,amzasset3,ML100044_ADAM_FOX_amzasset3.jpg,https://images-production-a1f5.up.railway.app/amz/asset-3/ML100044_ADAM_FOX_amzasset3.jpg
ML100045,Artemi Panarin,amzasset3,ML100045_ARTEMI_PANARIN_amzasset3.jpg,https://images-production-a1f5.up.railway.app/amz/asset-3/ML100045_ARTEMI_PANARIN_amzasset3.jpg
ML100046,Mark Messier,amzasset3,ML100046_MARK_MESSIER_amzasset3.jpg,https://images-production-a1f5.up.railway.app/amz/asset-3/ML100046_MARK_MESSIER_amzasset3.jpg
ML100047,Matt Rempe,amzasset3,ML100047_MATT_REMPE_amzasset3.jpg,https://images-production-a1f5.up.railway.app/amz/asset-3/ML100047_MATT_REMPE_amzasset3.jpg
ML100048,Mika Zibanejad,amzasset3,ML100048_MIKA_ZIBANEJAD_amzasset3.jpg,https://images-production-a1f5.up.railway.app/amz/asset-3/ML100048_MIKA_ZIBANEJAD_amzasset3.jpg
ML100049,Brady Tkachuk,amzasset3,ML100049_BRADY_TKACHUK_amzasset3.jpg,https://images-production-a1f5.up.railway.app/amz/asset-3/ML100049_BRADY_TKACHUK_amzasset3.jpg
ML100050,Tim Stutzle,amzasset3,ML100050_TIM_STUTZLE_amzasset3.jpg,https://images-production-a1f5.up.railway.app/amz/asset-3/ML100050_TIM_STUTZLE_amzasset3.jpg
ML100051,Bobby Clarke,amzasset3,ML100051_BOBBY_CLARKE_amzasset3.jpg,https://images-production-a1f5.up.railway.app/amz/asset-3/ML100051_BOBBY_CLARKE_amzasset3.jpg
ML100052,Mario Lemieux,amzasset3,ML100052_MARIO_LEMIEUX_amzasset3.jpg,https://images-production-a1f5.up.railway.app/amz/asset-3/ML100052_MARIO_LEMIEUX_amzasset3.jpg
ML100053,Sidney Crosby,amzasset3,ML100053_SIDNEY_CROSBY_amzasset3.jpg,https://images-production-a1f5.up.railway.app/amz/asset-3/ML100053_SIDNEY_CROSBY_amzasset3.jpg
ML100054,Joe Sakic,amzasset3,ML100054_JOE_SAKIC_amzasset3.jpg,https://images-production-a1f5.up.railway.app/amz/asset-3/ML100054_JOE_SAKIC_amzasset3.jpg
ML100055,Biz Nasty,amzasset3,ML100055_BIZ_NASTY_amzasset3.jpg,https://images-production-a1f5.up.railway.app/amz/asset-3/ML100055_BIZ_NASTY_amzasset3.jpg
ML100056,Nikita Kucherov,amzasset3,ML100056_NIKITA_KUCHEROV_amzasset3.jpg,https://images-production-a1f5.up.railway.app/amz/asset-3/ML100056_NIKITA_KUCHEROV_amzasset3.jpg
ML100057,Auston Matthews,amzasset3,ML100057_AUSTON_MATTHEWS_amzasset3.jpg,https://images-production-a1f5.up.railway.app/amz/asset-3/ML100057_AUSTON_MATTHEWS_amzasset3.jpg
ML100058,Auston Matthews,amzasset3,ML100058_AUSTON_MATTHEWS_amzasset3.jpg,https://images-production-a1f5.up.railway.app/amz/asset-3/ML100058_AUSTON_MATTHEWS_amzasset3.jpg
ML100059,Mats Sundin,amzasset3,ML100059_MATS_SUNDIN_amzasset3.jpg,https://images-production-a1f5.up.railway.app/amz/asset-3/ML100059_MATS_SUNDIN_amzasset3.jpg
ML100060,Mitch Marner,amzasset3,ML100060_MITCH_MARNER_amzasset3.jpg,https://images-production-a1f5.up.railway.app/amz/asset-3/ML100060_MITCH_MARNER_amzasset3.jpg
ML100061,Tie Domi,amzasset3,ML100061_TIE_DOMI_amzasset3.jpg,https://images-production-a1f5.up.railway.app/amz/asset-3/ML100061_TIE_DOMI_amzasset3.jpg
ML100062,Wendel Clark,amzasset3,ML100062_WENDEL_CLARK_amzasset3.jpg,https://images-production-a1f5.up.railway.app/amz/asset-3/ML100062_WENDEL_CLARK_amzasset3.jpg
ML100063,William Nylander,amzasset3,ML100063_WILLIAM_NYLANDER_amzasset3.jpg,https://images-production-a1f5.up.railway.app/amz/asset-3/ML100063_WILLIAM_NYLANDER_amzasset3.jpg
ML100064,Daniel Sedin,amzasset3,ML100064_DANIEL_SEDIN_amzasset3.jpg,https://images-production-a1f5.up.railway.app/amz/asset-3/ML100064_DANIEL_SEDIN_amzasset3.jpg
ML100065,Elias Pettersson,amzasset3,ML100065_ELIAS_PETTERSSON_amzasset3.jpg,https://images-production-a1f5.up.railway.app/amz/asset-3/ML100065_ELIAS_PETTERSSON_amzasset3.jpg
ML100066,Henrik Sedin,amzasset3,ML100066_HENRIK_SEDIN_amzasset3.jpg,https://images-production-a1f5.up.railway.app/amz/asset-3/ML100066_HENRIK_SEDIN_amzasset3.jpg
ML100067,Quinn Hughes,amzasset3,ML100067_QUINN_HUGHES_amzasset3.jpg,https://images-production-a1f5.up.railway.app/amz/asset-3/ML100067_QUINN_HUGHES_amzasset3.jpg
ML100068,Rick Tocchet,amzasset3,ML100068_RICK_TOCCHET_amzasset3.jpg,https://images-production-a1f5.up.railway.app/amz/asset-3/ML100068_RICK_TOCCHET_amzasset3.jpg
ML100069,Jack Eichel,amzasset3,ML100069_JACK_EICHEL_amzasset3.jpg,https://images-production-a1f5.up.railway.app/amz/asset-3/ML100069_JACK_EICHEL_amzasset3.jpg
ML100070,Alex Ovechkin,amzasset3,ML100070_ALEX_OVECHKIN_amzasset3.jpg,https://images-production-a1f5.up.railway.app/amz/asset-3/ML100070_ALEX_OVECHKIN_amzasset3.jpg
ML100071,Alex Ovechkin,amzasset3,ML100071_ALEX_OVECHKIN_amzasset3.jpg,https://images-production-a1f5.up.railway.app/amz/asset-3/ML100071_ALEX_OVECHKIN_amzasset3.jpg
ML100072,Connor Hellebuyck,amzasset3,ML100072_CONNOR_HELLEBUYCK_amzasset3.jpg,https://images-production-a1f5.up.railway.app/amz/asset-3/ML100072_CONNOR_HELLEBUYCK_amzasset3.jpg
ML100073,Kyle Connor,amzasset3,ML100073_KYLE_CONNOR_amzasset3.jpg,https://images-production-a1f5.up.railway.app/amz/asset-3/ML100073_KYLE_CONNOR_amzasset3.jpg
ML100074,Teemu Selanne,amzasset3,ML100074_TEEMU_SELANNE_amzasset3.jpg,https://images-production-a1f5.up.railway.app/amz/asset-3/ML100074_TEEMU_SELANNE_amzasset3.jpg
ML100075,Connor Mcdavid,amzasset3,ML100075_CONNOR_MCDAVID_amzasset3.jpg,https://images-production-a1f5.up.railway.app/amz/asset-3/ML100075_CONNOR_MCDAVID_amzasset3.jpg
ML100076,Wayne Gretzky,amzasset3,ML100076_WAYNE_GRETZKY_amzasset3.jpg,https://images-production-a1f5.up.railway.app/amz/asset-3/ML100076_WAYNE_GRETZKY_amzasset3.jpg
ML100077,Igor Shesterkin,amzasset3,ML100077_IGOR_SHESTERKIN_amzasset3.jpg,https://images-production-a1f5.up.railway.app/amz/asset-3/ML100077_IGOR_SHESTERKIN_amzasset3.jpg
ML100078,Arber Xhekaj,amzasset3,ML100078_ARBER_XHEKAJ_amzasset3.jpg,https://images-production-a1f5.up.railway.app/amz/asset-3/ML100078_ARBER_XHEKAJ_amzasset3.jpg
ML100079,Macklin Celebrini,amzasset3,ML100079_MACKLIN_CELEBRINI_amzasset3.jpg,https://images-production-a1f5.up.railway.app/amz/asset-3/ML100079_MACKLIN_CELEBRINI_amzasset3.jpg
ML100086,Nazem Kadri,amzasset3,ML100086_NAZEM_KADRI_amzasset3.jpg,https://images-production-a1f5.up.railway.app/amz/asset-3/ML100086_NAZEM_KADRI_amzasset3.jpg
ML100090,Kevin Bieksa,amzasset3,ML100090_KEVIN_BIEKSA_amzasset3.jpg,https://images-production-a1f5.up.railway.app/amz/asset-3/ML100090_KEVIN_BIEKSA_amzasset3.jpg
ML100091,Lane Hutson,amzasset3,ML100091_LANE_HUTSON_amzasset3.jpg,https://images-production-a1f5.up.railway.app/amz/asset-3/ML100091_LANE_HUTSON_amzasset3.jpg
ML100094,Clayton Keller,amzasset3,ML100094_CLAYTON_KELLER_amzasset3.jpg,https://images-production-a1f5.up.railway.app/amz/asset-3/ML100094_CLAYTON_KELLER_amzasset3.jpg
ML100096,Mark Scheifele,amzasset3,ML100096_MARK_SCHEIFELE_amzasset3.jpg,https://images-production-a1f5.up.railway.app/amz/asset-3/ML100096_MARK_SCHEIFELE_amzasset3.jpg
ML100097,Matty Beniers,amzasset3,ML100097_MATTY_BENIERS_amzasset3.jpg,https://images-production-a1f5.up.railway.app/amz/asset-3/ML100097_MATTY_BENIERS_amzasset3.jpg
ML100098,Matvei Michkov,amzasset3,ML100098_MATVEI_MICHKOV_amzasset3.jpg,https://images-production-a1f5.up.railway.app/amz/asset-3/ML100098_MATVEI_MICHKOV_amzasset3.jpg
ML100099,Steven Stamkos,amzasset3,ML100099_STEVEN_STAMKOS_amzasset3.jpg,https://images-production-a1f5.up.railway.app/amz/asset-3/ML100099_STEVEN_STAMKOS_amzasset3.jpg
ML100100,Travis Konecny,amzasset3,ML100100_TRAVIS_KONECNY_amzasset3.jpg,https://images-production-a1f5.up.railway.app/amz/asset-3/ML100100_TRAVIS_KONECNY_amzasset3.jpg
ML100101,Robert Thomas,amzasset3,ML100101_ROBERT_THOMAS_amzasset3.jpg,https://images-production-a1f5.up.railway.app/amz/asset-3/ML100101_ROBERT_THOMAS_amzasset3.jpg
ML100102,Filip Forsberg,amzasset3,ML100102_FILIP_FORSBERG_amzasset3.jpg,https://images-production-a1f5.up.railway.app/amz/asset-3/ML100102_FILIP_FORSBERG_amzasset3.jpg
ML100103,Leo Carlsson,amzasset3,ML100103_LEO_CARLSSON_amzasset3.jpg,https://images-production-a1f5.up.railway.app/amz/asset-3/ML100103_LEO_CARLSSON_amzasset3.jpg
ML100104,Joe Sakic,amzasset3,ML100104_JOE_SAKIC_amzasset3.jpg,https://images-production-a1f5.up.railway.app/amz/asset-3/ML100104_JOE_SAKIC_amzasset3.jpg
ML100105,William Nylander,amzasset3,ML100105_WILLIAM_NYLANDER_amzasset3.jpg,https://images-production-a1f5.up.railway.app/amz/asset-3/ML100105_WILLIAM_NYLANDER_amzasset3.jpg
ML100106,Wyatt Johnston,amzasset3,ML100106_WYATT_JOHNSTON_amzasset3.jpg,https://images-production-a1f5.up.railway.app/amz/asset-3/ML100106_WYATT_JOHNSTON_amzasset3.jpg
ML100107,Chris Kreider,amzasset3,ML100107_CHRIS_KREIDER_amzasset3.jpg,https://images-production-a1f5.up.railway.app/amz/asset-3/ML100107_CHRIS_KREIDER_amzasset3.jpg
ML100108,Brett Hull,amzasset3,ML100108_BRETT_HULL_amzasset3.jpg,https://images-production-a1f5.up.railway.app/amz/asset-3/ML100108_BRETT_HULL_amzasset3.jpg
ML100109,Juraj Slafkovsky,amzasset3,ML100109_JURAJ_SLAFKOVSKY_amzasset3.jpg,https://images-production-a1f5.up.railway.app/amz/asset-3/ML100109_JURAJ_SLAFKOVSKY_amzasset3.jpg
ML100110,Luke Gazdic,amzasset3,ML100110_LUKE_GAZDIC_amzasset3.jpg,https://images-production-a1f5.up.railway.app/amz/asset-3/ML100110_LUKE_GAZDIC_amzasset3.jpg
ML100111,Aleksander Barkov,amzasset3,ML100111_ALEKSANDER_BARKOV_amzasset3.jpg,https://images-production-a1f5.up.railway.app/amz/asset-3/ML100111_ALEKSANDER_BARKOV_amzasset3.jpg
ML100112,Rocket Richard,amzasset3,ML100112_ROCKET_RICHARD_amzasset3.jpg,https://images-production-a1f5.up.railway.app/amz/asset-3/ML100112_ROCKET_RICHARD_amzasset3.jpg
ML100113,Doug Gilmour,amzasset3,ML100113_DOUG_GILMOUR_amzasset3.jpg,https://images-production-a1f5.up.railway.app/amz/asset-3/ML100113_DOUG_GILMOUR_amzasset3.jpg
ML100114,Jonathan Huberdeau,amzasset3,ML100114_JONATHAN_HUBERDEAU_amzasset3.jpg,https://images-production-a1f5.up.railway.app/amz/asset-3/ML100114_JONATHAN_HUBERDEAU_amzasset3.jpg
ML100115,Zach Hyman,amzasset3,ML100115_ZACH_HYMAN_amzasset3.jpg,https://images-production-a1f5.up.railway.app/amz/asset-3/ML100115_ZACH_HYMAN_amzasset3.jpg
ML100116,Hughes Brothers,amzasset3,ML100116_HUGHES_BROTHERS_amzasset3.jpg,https://images-production-a1f5.up.railway.app/amz/asset-3/ML100116_HUGHES_BROTHERS_amzasset3.jpg
ML100117,Matt Boldy,amzasset3,ML100117_MATT_BOLDY_amzasset3.jpg,https://images-production-a1f5.up.railway.app/amz/asset-3/ML100117_MATT_BOLDY_amzasset3.jpg
ML100118,Lucas Raymond,amzasset3,ML100118_LUCAS_RAYMOND_amzasset3.jpg,https://images-production-a1f5.up.railway.app/amz/asset-3/ML100118_LUCAS_RAYMOND_amzasset3.jpg
ML100119,Victor Hedman,amzasset3,ML100119_VICTOR_HEDMAN_amzasset3.jpg,https://images-production-a1f5.up.railway.app/amz/asset-3/ML100119_VICTOR_HEDMAN_amzasset3.jpg
ML100120,Auston Matthews,amzasset3,ML100120_AUSTON_MATTHEWS_amzasset3.jpg,https://images-production-a1f5.up.railway.app/amz/asset-3/ML100120_AUSTON_MATTHEWS_amzasset3.jpg
ML100121,Sidney Crosby,amzasset3,ML100121_SIDNEY_CROSBY_amzasset3.jpg,https://images-production-a1f5.up.railway.app/amz/asset-3/ML100121_SIDNEY_CROSBY_amzasset3.jpg
ML100122,Quinn Hughes,amzasset3,ML100122_QUINN_HUGHES_amzasset3.jpg,https://images-production-a1f5.up.railway.app/amz/asset-3/ML100122_QUINN_HUGHES_amzasset3.jpg
ML100123,Leon Draisaitl,amzasset3,ML100123_LEON_DRAISAITL_amzasset3.jpg,https://images-production-a1f5.up.railway.app/amz/asset-3/ML100123_LEON_DRAISAITL_amzasset3.jpg
ML100125,Carey Price,amzasset3,ML100125_CAREY_PRICE_amzasset3.jpg,https://images-production-a1f5.up.railway.app/amz/asset-3/ML100125_CAREY_PRICE_amzasset3.jpg
ML100126,Brady Tkachuk,amzasset3,ML100126_BRADY_TKACHUK_amzasset3.jpg,https://images-production-a1f5.up.railway.app/amz/asset-3/ML100126_BRADY_TKACHUK_amzasset3.jpg
ML100128,Matthew Knies,amzasset3,ML100128_MATTHEW_KNIES_amzasset3.jpg,https://images-production-a1f5.up.railway.app/amz/asset-3/ML100128_MATTHEW_KNIES_amzasset3.jpg
ML100132,Dustin Wolf,amzasset3,ML100132_DUSTIN_WOLF_amzasset3.jpg,https://images-production-a1f5.up.railway.app/amz/asset-3/ML100132_DUSTIN_WOLF_amzasset3.jpg
ML100133,Mikko Rantanen,amzasset3,ML100133_MIKKO_RANTANEN_amzasset3.jpg,https://images-production-a1f5.up.railway.app/amz/asset-3/ML100133_MIKKO_RANTANEN_amzasset3.jpg
ML100136,Auston Matthews,amzasset3,ML100136_AUSTON_MATTHEWS_amzasset3.jpg,https://images-production-a1f5.up.railway.app/amz/asset-3/ML100136_AUSTON_MATTHEWS_amzasset3.jpg
ML100138,Darcy Tucker,amzasset3,ML100138_DARCY_TUCKER_amzasset3.jpg,https://images-production-a1f5.up.railway.app/amz/asset-3/ML100138_DARCY_TUCKER_amzasset3.jpg
ML100143,Cole Caufield,amzasset3,ML100143_COLE_CAUFIELD_amzasset3.jpg,https://images-production-a1f5.up.railway.app/amz/asset-3/ML100143_COLE_CAUFIELD_amzasset3.jpg
ML100144,Nick Suzuki,amzasset3,ML100144_NICK_SUZUKI_amzasset3.jpg,https://images-production-a1f5.up.railway.app/amz/asset-3/ML100144_NICK_SUZUKI_amzasset3.jpg
ML100146,William Nylander,amzasset3,ML100146_WILLIAM_NYLANDER_amzasset3.jpg,https://images-production-a1f5.up.railway.app/amz/asset-3/ML100146_WILLIAM_NYLANDER_amzasset3.jpg
ML100147,Ivan Demidov,amzasset3,ML100147_IVAN_DEMIDOV_amzasset3.jpg,https://images-production-a1f5.up.railway.app/amz/asset-3/ML100147_IVAN_DEMIDOV_amzasset3.jpg
ML100148,Martin Brodeur,amzasset3,ML100148_MARTIN_BRODEUR_amzasset3.jpg,https://images-production-a1f5.up.railway.app/amz/asset-3/ML100148_MARTIN_BRODEUR_amzasset3.jpg
ML100149,Lane Hutson,amzasset3,ML100149_LANE_HUTSON_amzasset3.jpg,https://images-production-a1f5.up.railway.app/amz/asset-3/ML100149_LANE_HUTSON_amzasset3.jpg
ML100150,Ivan Demidov,amzasset3,ML100150_IVAN_DEMIDOV_amzasset3.jpg,https://images-production-a1f5.up.railway.app/amz/asset-3/ML100150_IVAN_DEMIDOV_amzasset3.jpg
ML100151,Pat Quinn,amzasset3,ML100151_PAT_QUINN_amzasset3.jpg,https://images-production-a1f5.up.railway.app/amz/asset-3/ML100151_PAT_QUINN_amzasset3.jpg
ML100152,Sergei Fedorov,amzasset3,ML100152_SERGEI_FEDOROV_amzasset3.jpg,https://images-production-a1f5.up.railway.app/amz/asset-3/ML100152_SERGEI_FEDOROV_amzasset3.jpg
ML100153,Ryan Lomberg,amzasset3,ML100153_RYAN_LOMBERG_amzasset3.jpg,https://images-production-a1f5.up.railway.app/amz/asset-3/ML100153_RYAN_LOMBERG_amzasset3.jpg
ML300001,David Pastrnak,amzasset3,ML300001_DAVID_PASTRNAK_amzasset3.jpg,https://images-production-a1f5.up.railway.app/amz/asset-3/ML300001_DAVID_PASTRNAK_amzasset3.jpg
ML300002,Connor Bedard,amzasset3,ML300002_CONNOR_BEDARD_amzasset3.jpg,https://images-production-a1f5.up.railway.app/amz/asset-3/ML300002_CONNOR_BEDARD_amzasset3.jpg
ML300005,Dylan Larkin,amzasset3,ML300005_DYLAN_LARKIN_amzasset3.jpg,https://images-production-a1f5.up.railway.app/amz/asset-3/ML300005_DYLAN_LARKIN_amzasset3.jpg
ML300012,Jack Hughes,amzasset3,ML300012_JACK_HUGHES_amzasset3.jpg,https://images-production-a1f5.up.railway.app/amz/asset-3/ML300012_JACK_HUGHES_amzasset3.jpg
ML300013,Jack Hughes,amzasset3,ML300013_JACK_HUGHES_amzasset3.jpg,https://images-production-a1f5.up.railway.app/amz/asset-3/ML300013_JACK_HUGHES_amzasset3.jpg
ML300014,Artemi Panarin,amzasset3,ML300014_ARTEMI_PANARIN_amzasset3.jpg,https://images-production-a1f5.up.railway.app/amz/asset-3/ML300014_ARTEMI_PANARIN_amzasset3.jpg
ML300017,Sidney Crosby,amzasset3,ML300017_SIDNEY_CROSBY_amzasset3.jpg,https://images-production-a1f5.up.railway.app/amz/asset-3/ML300017_SIDNEY_CROSBY_amzasset3.jpg
ML300018,Nikita Kucherov,amzasset3,ML300018_NIKITA_KUCHEROV_amzasset3.jpg,https://images-production-a1f5.up.railway.app/amz/asset-3/ML300018_NIKITA_KUCHEROV_amzasset3.jpg
ML300019,Alex Ovechkin,amzasset3,ML300019_ALEX_OVECHKIN_amzasset3.jpg,https://images-production-a1f5.up.railway.app/amz/asset-3/ML300019_ALEX_OVECHKIN_amzasset3.jpg
ML300021,Igor Shesterkin,amzasset3,ML300021_IGOR_SHESTERKIN_amzasset3.jpg,https://images-production-a1f5.up.railway.app/amz/asset-3/ML300021_IGOR_SHESTERKIN_amzasset3.jpg
ML300029,Charlie Mccavoy,amzasset3,ML300029_CHARLIE_MCCAVOY_amzasset3.jpg,https://images-production-a1f5.up.railway.app/amz/asset-3/ML300029_CHARLIE_MCCAVOY_amzasset3.jpg
ML300032,Cale Makar,amzasset3,ML300032_CALE_MAKAR_amzasset3.jpg,https://images-production-a1f5.up.railway.app/amz/asset-3/ML300032_CALE_MAKAR_amzasset3.jpg
ML300033,Nathan Mackinnon,amzasset3,ML300033_NATHAN_MACKINNON_amzasset3.jpg,https://images-production-a1f5.up.railway.app/amz/asset-3/ML300033_NATHAN_MACKINNON_amzasset3.jpg
ML300034,Connor Mcdavid,amzasset3,ML300034_CONNOR_MCDAVID_amzasset3.jpg,https://images-production-a1f5.up.railway.app/amz/asset-3/ML300034_CONNOR_MCDAVID_amzasset3.jpg
ML300035,Leon Draisaitl,amzasset3,ML300035_LEON_DRAISAITL_amzasset3.jpg,https://images-production-a1f5.up.railway.app/amz/asset-3/ML300035_LEON_DRAISAITL_amzasset3.jpg
ML300036,Cole Caufield,amzasset3,ML300036_COLE_CAUFIELD_amzasset3.jpg,https://images-production-a1f5.up.railway.app/amz/asset-3/ML300036_COLE_CAUFIELD_amzasset3.jpg
ML300037,Nick Suzuki,amzasset3,ML300037_NICK_SUZUKI_amzasset3.jpg,https://images-production-a1f5.up.railway.app/amz/asset-3/ML300037_NICK_SUZUKI_amzasset3.jpg
ML300038,Brady Tkachuk,amzasset3,ML300038_BRADY_TKACHUK_amzasset3.jpg,https://images-production-a1f5.up.railway.app/amz/asset-3/ML300038_BRADY_TKACHUK_amzasset3.jpg
ML300039,Auston Matthews,amzasset3,ML300039_AUSTON_MATTHEWS_amzasset3.jpg,https://images-production-a1f5.up.railway.app/amz/asset-3/ML300039_AUSTON_MATTHEWS_amzasset3.jpg
ML300040,William Nylander,amzasset3,ML300040_WILLIAM_NYLANDER_amzasset3.jpg,https://images-production-a1f5.up.railway.app/amz/asset-3/ML300040_WILLIAM_NYLANDER_amzasset3.jpg
ML300041,Quinn Hughes,amzasset3,ML300041_QUINN_HUGHES_amzasset3.jpg,https://images-production-a1f5.up.railway.app/amz/asset-3/ML300041_QUINN_HUGHES_amzasset3.jpg
ML300042,Connor Hellebuyck,amzasset3,ML300042_CONNOR_HELLEBUYCK_amzasset3.jpg,https://images-production-a1f5.up.railway.app/amz/asset-3/ML300042_CONNOR_HELLEBUYCK_amzasset3.jpg
ML300043,Kyle Connor,amzasset3,ML300043_KYLE_CONNOR_amzasset3.jpg,https://images-production-a1f5.up.railway.app/amz/asset-3/ML300043_KYLE_CONNOR_amzasset3.jpg
ML300044,Macklin Celebrini,amzasset3,ML300044_MACKLIN_CELEBRINI_amzasset3.jpg,https://images-production-a1f5.up.railway.app/amz/asset-3/ML300044_MACKLIN_CELEBRINI_amzasset3.jpg
ML300045,Lane Hutson,amzasset3,ML300045_LANE_HUTSON_amzasset3.jpg,https://images-production-a1f5.up.railway.app/amz/asset-3/ML300045_LANE_HUTSON_amzasset3.jpg
ML300046,Dustin Wolf,amzasset3,ML300046_DUSTIN_WOLF_amzasset3.jpg,https://images-production-a1f5.up.railway.app/amz/asset-3/ML300046_DUSTIN_WOLF_amzasset3.jpg
ML300047,Ivan Demidov,amzasset3,ML300047_IVAN_DEMIDOV_amzasset3.jpg,https://images-production-a1f5.up.railway.app/amz/asset-3/ML300047_IVAN_DEMIDOV_amzasset3.jpg
,Anaheim,amzasset4,ANAHEIM_amzasset4.png,https://images-production-a1f5.up.railway.app/amz/asset-4/ANAHEIM_amzasset4.png
,Arizona,amzasset4,ARIZONA_amzasset4.png,https://images-production-a1f5.up.railway.app/amz/asset-4/ARIZONA_amzasset4.png
,Boston,amzasset4,BOSTON_amzasset4.png,https://images-production-a1f5.up.railway.app/amz/asset-4/BOSTON_amzasset4.png
,Buffalo,amzasset4,BUFFALO_amzasset4.png,https://images-production-a1f5.up.railway.app/amz/asset-4/BUFFALO_amzasset4.png
,Calgary,amzasset4,CALGARY_amzasset4.png,https://images-production-a1f5.up.railway.app/amz/asset-4/CALGARY_amzasset4.png
,Carolina,amzasset4,CAROLINA_amzasset4.png,https://images-production-a1f5.up.railway.app/amz/asset-4/CAROLINA_amzasset4.png
,Chicago,amzasset4,CHICAGO_amzasset4.png,https://images-production-a1f5.up.railway.app/amz/asset-4/CHICAGO_amzasset4.png
,Colorado,amzasset4,COLORADO_amzasset4.png,https://images-production-a1f5.up.railway.app/amz/asset-4/COLORADO_amzasset4.png
,Dallas,amzasset4,DALLAS_amzasset4.png,https://images-production-a1f5.up.railway.app/amz/asset-4/DALLAS_amzasset4.png
,Detroit,amzasset4,DETROIT_amzasset4.png,https://images-production-a1f5.up.railway.app/amz/asset-4/DETROIT_amzasset4.png
,Edmonton,amzasset4,EDMONTON_amzasset4.png,https://images-production-a1f5.up.railway.app/amz/asset-4/EDMONTON_amzasset4.png
,Florida,amzasset4,FLORIDA_amzasset4.png,https://images-production-a1f5.up.railway.app/amz/asset-4/FLORIDA_amzasset4.png
,Hartford,amzasset4,HARTFORD_amzasset4.png,https://images-production-a1f5.up.railway.app/amz/asset-4/HARTFORD_amzasset4.png
,Los Angeles,amzasset4,LOS_ANGELES_amzasset4.png,https://images-production-a1f5.up.railway.app/amz/asset-4/LOS_ANGELES_amzasset4.png
,Minnesota,amzasset4,MINNESOTA_amzasset4.png,https://images-production-a1f5.up.railway.app/amz/asset-4/MINNESOTA_amzasset4.png
,Montreal,amzasset4,MONTREAL_amzasset4.png,https://images-production-a1f5.up.railway.app/amz/asset-4/MONTREAL_amzasset4.png
,Nashville,amzasset4,NASHVILLE_amzasset4.png,https://images-production-a1f5.up.railway.app/amz/asset-4/NASHVILLE_amzasset4.png
,New Jersey,amzasset4,NEW_JERSEY_amzasset4.png,https://images-production-a1f5.up.railway.app/amz/asset-4/NEW_JERSEY_amzasset4.png
,New York Islanders,amzasset4,NEW_YORK_ISLANDERS_amzasset4.png,https://images-production-a1f5.up.railway.app/amz/asset-4/NEW_YORK_ISLANDERS_amzasset4.png
,New York Rangers,amzasset4,NEW_YORK_RANGERS_amzasset4.png,https://images-production-a1f5.up.railway.app/amz/asset-4/NEW_YORK_RANGERS_amzasset4.png
,Ottawa,amzasset4,OTTAWA_amzasset4.png,https://images-production-a1f5.up.railway.app/amz/asset-4/OTTAWA_amzasset4.png
,Philadelphia,amzasset4,PHILADELPHIA_amzasset4.png,https://images-production-a1f5.up.railway.app/amz/asset-4/PHILADELPHIA_amzasset4.png
,Pittsburgh,amzasset4,PITTSBURGH_amzasset4.png,https://images-production-a1f5.up.railway.app/amz/asset-4/PITTSBURGH_amzasset4.png
,Quebec,amzasset4,QUEBEC_amzasset4.png,https://images-production-a1f5.up.railway.app/amz/asset-4/QUEBEC_amzasset4.png
,San Jose,amzasset4,SAN_JOSE_amzasset4.png,https://images-production-a1f5.up.railway.app/amz/asset-4/SAN_JOSE_amzasset4.png
,Seattle,amzasset4,SEATTLE_amzasset4.png,https://images-production-a1f5.up.railway.app/amz/asset-4/SEATTLE_amzasset4.png
,St Louis,amzasset4,ST_LOUIS_amzasset4.png,https://images-production-a1f5.up.railway.app/amz/asset-4/ST_LOUIS_amzasset4.png
,Tampa Bay,amzasset4,TAMPA_BAY_amzasset4.png,https://images-production-a1f5.up.railway.app/amz/asset-4/TAMPA_BAY_amzasset4.png
,Toronto,amzasset4,TORONTO_amzasset4.png,https://images-production-a1f5.up.railway.app/amz/asset-4/TORONTO_amzasset4.png
,Utah,amzasset4,UTAH_amzasset4.png,https://images-production-a1f5.up.railway.app/amz/asset-4/UTAH_amzasset4.png
,Vancouver,amzasset4,VANCOUVER_amzasset4.png,https://images-production-a1f5.up.railway.app/amz/asset-4/VANCOUVER_amzasset4.png
,Vegas,amzasset4,VEGAS_amzasset4.png,https://images-production-a1f5.up.railway.app/amz/asset-4/VEGAS_amzasset4.png
,Washington,amzasset4,WASHINGTON_amzasset4.png,https://images-production-a1f5.up.railway.app/amz/asset-4/WASHINGTON_amzasset4.png
,Winnipeg,amzasset4,WINNIPEG_amzasset4.png,https://images-production-a1f5.up.railway.app/amz/asset-4/WINNIPEG_amzasset4.png
